aluxury;aluxury.vn
anhcuongco;anhcuong.com.vn
atveston;atveston.vn
canstudio;candangstudio.vn
ceohn6;ceohn6.vn
ceohn7;ceohn7.vn
ceoviet;daotaoceoviet.edu.vn
cert;cert.com.vn
ddhvietnam;ddhvietnam.vn
demopiweb;demo.piweb.com.vn
dianam;dianam.com.vn
dienlanhtn;dienlanhtuanngoc.vn
dongdotl;dongdothanglong.vn
duyvuled;duyvuled.vn
dvyvn;dvy.vn
ehnvietnam;ehnvietnam.com.vn
eventjci;event.jcithanglong.vn
f99vn;f99vn.com
fastcomm;fastcomm.vn
habtcom;habt.com.vn
hanco;hancogroup.com
hml;hml.com.vn
hoigiang;hoigianggdnn.vn
hukado;hukado.vn
huynga;huynga.vn
ibcvietnam;ibcvietnam.com.vn
ibgkgroup;ibgkgroup.com
jcitl;jcithanglong.vn
kiotthient;kiotthienthanh.vn
linceo;linceo.vn
longarch;longarchitect.vn
lsedu;lse.edu.vn
luonfarm;luonfarm.vn
minakid;minakid.vn
mnbarbercl;mnbarberclub.com.vn
myhouse;bdsmyhouse.com
nhathang;nhathang.com
nicecy;nicecy.vn
ntphocang;noithatphocang.vn
ntsmiley;ntsmiley.com
onled;onled.vn
pazovn;pazo.vn
phuonglinh;phuonglinhgroup.vn
pilogovn;pilogo.vn
pisee;pisee.com.vn
piweb;piweb.com.vn
pldholding;pldholdings.com
redsunexpr;redsunexpress.vn
rungkhoai;rungkhoai.com
ruouluon;ruouluon.vn
skatech;skatech.vn
sohome;sohome.com.vn
team2way;2wayhn7.com
thietke;thietkeeb.hyperlogy.com
thikan;thikandfix.vn
tiion;tiion.vn
tinnghia;tinnghiaexim.vn
tochi;tochi.com.vn
tslgroup;tslgroup.vn
tuantien;tuantien.vn
tvncons;tvnconstruction.vn
uaccom;uac.com.vn
uacvn;uac.vn
ukmac;ukmackbro.com
viettutea;viettutea.com
vincolight;vincolighting.com.vn
vinfunivn;vinfuni.vn
vmilk;vmilk.vn
vrosa;vutuongvi.com
vrosanet;vrosa.net
vrosavn;vrosa.vn
wahaco;wahaco.com.vn
whashi;whashi.com.vn
woodstech;woodstech.vn
yensaosd;yensaosonduong.com